ID,Name,Email,Age,City
1,Isabella Harris,isabella@example.com,27,Detroit
2,Liam Smith,liam.smith@example.com,34,Chicago
3,Olivia Johnson,olivia.johnson@example.com,29,New York
4,Noah Brown,noah.brown@example.com,31,Los Angeles
5,Emma Davis,emma.davis@example.com,22,Houston
6,James Wilson,james.wilson@example.com,40,Phoenix
7,Ava Miller,ava.miller@example.com,26,Philadelphia
8,Lucas Moore,lucas.moore@example.com,28,San Antonio
9,Sophia Taylor,sophia.taylor@example.com,35,San Diego
10,Mason Anderson,mason.anderson@example.com,33,Dallas
11,Mia Thomas,mia.thomas@example.com,30,San Jose
12,Ethan Jackson,ethan.jackson@example.com,38,Austin
13,Amelia White,amelia.white@example.com,24,Jacksonville
14,Logan Martin,logan.martin@example.com,32,Fort Worth
15,Harper Thompson,harper.thompson@example.com,29,Columbus
16,Lucas Garcia,lucas.garcia@example.com,27,Charlotte
17,Emily Martinez,emily.martinez@example.com,23,Indianapolis
18,Oliver Robinson,oliver.robinson@example.com,36,San Francisco
19,Sophia Clark,sophia.clark@example.com,28,Seattle
20,Liam Rodriguez,liam.rodriguez@example.com,25,Denver
21,Mia Thompson,mia@example.com,26,Denver
22,Ethan Clark,ethan@example.com,34,Phoenix
23,Ava Rodriguez,ava@example.com,29,San Diego
24,Noah White,noah@example.com,32,Portland
25,Isabella Harris,isabella@example.com,27,Detroit